id,type,grapheme,ipa,stress,syllabification,notes
ba,syllable,BA,ba,1,ba,
be,syllable,BE,be,1,be,e fechado em sílaba isolada
bi,syllable,BI,bi,1,bi,
bo,syllable,BO,bo,1,bo,o fechado em sílaba isolada
bu,syllable,BU,bu,1,bu,
ca,syllable,CA,ka,1,ca,
ce,syllable,CE,se,1,ce,c+e=/s/
ci,syllable,CI,si,1,ci,c+i=/s/
co,syllable,CO,ko,1,co,
cu,syllable,CU,ku,1,cu,
da,syllable,DA,da,1,da,
de,syllable,DE,de,1,de,
di,syllable,DI,dʒi,1,di,palatalização padrão BR
do,syllable,DO,do,1,do,
du,syllable,DU,du,1,du,
fa,syllable,FA,fa,1,fa,
fe,syllable,FE,fe,1,fe,
fi,syllable,FI,fi,1,fi,
fo,syllable,FO,fo,1,fo,
fu,syllable,FU,fu,1,fu,
ga,syllable,GA,ga,1,ga,
ge,syllable,GE,ʒe,1,ge,g+e=/ʒ/
gi,syllable,GI,ʒi,1,gi,g+i=/ʒ/
go,syllable,GO,go,1,go,
gu,syllable,GU,gu,1,gu,
ja,syllable,JA,ʒa,1,ja,
ji,syllable,JI,ʒi,1,ji,
jo,syllable,JO,ʒo,1,jo,
ju,syllable,JU,ʒu,1,ju,
la,syllable,LA,la,1,la,
le,syllable,LE,le,1,le,
li,syllable,LI,li,1,li,
lo,syllable,LO,lo,1,lo,
lu,syllable,LU,lu,1,lu,
ma,syllable,MA,ma,1,ma,
me,syllable,ME,me,1,me,
mi,syllable,MI,mi,1,mi,
mo,syllable,MO,mo,1,mo,
mu,syllable,MU,mu,1,mu,
na,syllable,NA,na,1,na,
ne,syllable,NE,ne,1,ne,
ni,syllable,NI,ni,1,ni,
no,syllable,NO,no,1,no,
nu,syllable,NU,nu,1,nu,
pa,syllable,PA,pa,1,pa,
pe,syllable,PE,pe,1,pe,
pi,syllable,PI,pi,1,pi,
po,syllable,PO,po,1,po,
pu,syllable,PU,pu,1,pu,
ra,syllable,RA,ʁa,1,ra,r inicial uvular fricativo
re,syllable,RE,ʁe,1,re,
ri,syllable,RI,ʁi,1,ri,
ro,syllable,RO,ʁo,1,ro,
ru,syllable,RU,ʁu,1,ru,
sa,syllable,SA,sa,1,sa,
se,syllable,SE,se,1,se,
si,syllable,SI,si,1,si,
so,syllable,SO,so,1,so,
su,syllable,SU,su,1,su,
ta,syllable,TA,ta,1,ta,
te,syllable,TE,te,1,te,
ti,syllable,TI,tʃi,1,ti,palatalização padrão BR
to,syllable,TO,to,1,to,
tu,syllable,TU,tu,1,tu,
va,syllable,VA,va,1,va,
ve,syllable,VE,ve,1,ve,
vi,syllable,VI,vi,1,vi,
vo,syllable,VO,vo,1,vo,
xa,syllable,XA,ʃa,1,xa,x=/ʃ/
xi,syllable,XI,ʃi,1,xi,
xo,syllable,XO,ʃo,1,xo,
xu,syllable,XU,ʃu,1,xu,
za,syllable,ZA,za,1,za,
ze,syllable,ZE,ze,1,ze,
zo,syllable,ZO,zo,1,zo,
zu,syllable,ZU,zu,1,zu,
bala,word,bala,ˈba.la,1,ba-la,paroxítona
belo,word,belo,ˈbɛ.lu,1,be-lo,e tônico aberto; o final reduz a [u]
bico,word,bico,ˈbi.ku,1,bi-co,
bola,word,bola,ˈbɔ.la,1,bo-la,o tônico aberto
bolo,word,bolo,ˈbo.lu,1,bo-lo,o tônico fechado
bule,word,bule,ˈbu.li,1,bu-le,
cama,word,cama,ˈkɐ.mɐ,1,ca-ma,nasalização leve do a pré-nasal
casa,word,casa,ˈka.zɐ,1,ca-sa,s intervocálico=/z/
cedo,word,cedo,ˈse.du,1,ce-do,
cima,word,cima,ˈsi.mɐ,1,ci-ma,
coco,word,coco,ˈko.ku,1,co-co,
cubo,word,cubo,ˈku.bu,1,cu-bo,
dama,word,dama,ˈdɐ.mɐ,1,da-ma,
dedo,word,dedo,ˈde.du,1,de-do,
dino,word,dino,ˈdʒi.nu,1,di-no,
dono,word,dono,ˈdo.nu,1,do-no,
duna,word,duna,ˈdu.nɐ,1,du-na,
fada,word,fada,ˈfa.dɐ,1,fa-da,
feno,word,feno,ˈfe.nu,1,fe-no,
figo,word,figo,ˈfi.gu,1,fi-go,
fila,word,fila,ˈfi.lɐ,1,fi-la,
foca,word,foca,ˈfɔ.kɐ,1,fo-ca,
furo,word,furo,ˈfu.ɾu,1,fu-ro,r intervocálico=tap
gato,word,gato,ˈga.tu,1,ga-to,
gelo,word,gelo,ˈʒe.lu,1,ge-lo,
gira,word,gira,ˈʒi.ɾɐ,1,gi-ra,
gola,word,gola,ˈgɔ.lɐ,1,go-la,
guri,word,guri,guˈɾi,2,gu-ri,oxítona
jaca,word,jaca,ˈʒa.kɐ,1,ja-ca,
jato,word,jato,ˈʒa.tu,1,ja-to,
jipe,word,jipe,ˈʒi.pi,1,ji-pe,
jogo,word,jogo,ˈʒo.gu,1,jo-go,
juba,word,juba,ˈʒu.bɐ,1,ju-ba,
lama,word,lama,ˈlɐ.mɐ,1,la-ma,
leve,word,leve,ˈlɛ.vi,1,le-ve,
lima,word,lima,ˈli.mɐ,1,li-ma,
lona,word,lona,ˈlo.nɐ,1,lo-na,
lupa,word,lupa,ˈlu.pɐ,1,lu-pa,
mala,word,mala,ˈma.lɐ,1,ma-la,
medo,word,medo,ˈme.du,1,me-do,
mesa,word,mesa,ˈme.zɐ,1,me-sa,s intervocálico=/z/
mico,word,mico,ˈmi.ku,1,mi-co,
mola,word,mola,ˈmɔ.lɐ,1,mo-la,
mula,word,mula,ˈmu.lɐ,1,mu-la,
nabo,word,nabo,ˈna.bu,1,na-bo,
nene,word,nene,ˈnɛ.ni,1,ne-ne,
neto,word,neto,ˈnɛ.tu,1,ne-to,
nido,word,nido,ˈni.du,1,ni-do,
nota,word,nota,ˈnɔ.tɐ,1,no-ta,
nuca,word,nuca,ˈnu.kɐ,1,nu-ca,
pato,word,pato,ˈpa.tu,1,pa-to,
pena,word,pena,ˈpe.nɐ,1,pe-na,
pico,word,pico,ˈpi.ku,1,pi-co,
pipa,word,pipa,ˈpi.pɐ,1,pi-pa,
polo,word,polo,ˈpo.lu,1,po-lo,
pula,word,pula,ˈpu.lɐ,1,pu-la,
puma,word,puma,ˈpu.mɐ,1,pu-ma,
rabo,word,rabo,ˈʁa.bu,1,ra-bo,
rede,word,rede,ˈʁe.dʒi,1,re-de,
rima,word,rima,ˈʁi.mɐ,1,ri-ma,
roda,word,roda,ˈʁɔ.dɐ,1,ro-da,
ruga,word,ruga,ˈʁu.gɐ,1,ru-ga,
sapo,word,sapo,ˈsa.pu,1,sa-po,
sela,word,sela,ˈsɛ.lɐ,1,se-la,
sino,word,sino,ˈsi.nu,1,si-no,
sopa,word,sopa,ˈso.pɐ,1,so-pa,
suco,word,suco,ˈsu.ku,1,su-co,
tatu,word,tatu,taˈtu,2,ta-tu,oxítona
tela,word,tela,ˈtɛ.lɐ,1,te-la,
tema,word,tema,ˈte.mɐ,1,te-ma,
tipo,word,tipo,ˈtʃi.pu,1,ti-po,
toca,word,toca,ˈtɔ.kɐ,1,to-ca,
tuba,word,tuba,ˈtu.bɐ,1,tu-ba,
vaca,word,vaca,ˈva.kɐ,1,va-ca,
vale,word,vale,ˈva.li,1,va-le,
vela,word,vela,ˈvɛ.lɐ,1,ve-la,
vida,word,vida,ˈvi.dɐ,1,vi-da,
voto,word,voto,ˈvo.tu,1,vo-to,
xale,word,xale,ˈʃa.li,1,xa-le,
xica,word,xica,ˈʃi.kɐ,1,xi-ca,
xixi,word,xixi,ʃiˈʃi,2,xi-xi,oxítona
xote,word,xote,ˈʃɔ.tʃi,1,xo-te,
xuxu,word,xuxu,ʃuˈʃu,2,xu-xu,oxítona
zaga,word,zaga,ˈza.gɐ,1,za-ga,
zape,word,zape,ˈza.pi,1,za-pe,
zero,word,zero,ˈzɛ.ɾu,1,ze-ro,
zona,word,zona,ˈzo.nɐ,1,zo-na,
zulu,word,zulu,zuˈlu,2,zu-lu,oxítona
